Sentiment,Count,VADER_Compound_Score
Positive,1164,0.48166091065292094
Neutral,1047,0.00035978987583572107
Negative,457,-0.4283612691466083
